time,temperature_2m_max
2016-01-01,22.3
2016-01-02,22.0
2016-01-03,22.6
2016-01-04,22.9
2016-01-05,24.5
2016-01-06,24.2
2016-01-07,24.1
2016-01-08,23.1
2016-01-09,21.8
2016-01-10,22.5
2016-01-11,23.0
2016-01-12,23.9
2016-01-13,21.8
2016-01-14,19.3
2016-01-15,18.8
2016-01-16,18.7
2016-01-17,18.4
2016-01-18,18.5
2016-01-19,18.6
2016-01-20,17.5
2016-01-21,17.8
2016-01-22,18.2
2016-01-23,19.4
2016-01-24,18.7
2016-01-25,17.1
2016-01-26,19.6
2016-01-27,22.2
2016-01-28,22.6
2016-01-29,24.0
2016-01-30,25.5
2016-01-31,22.1
2016-02-01,22.1
2016-02-02,20.9
2016-02-03,21.5
2016-02-04,22.3
2016-02-05,22.8
2016-02-06,23.1
2016-02-07,19.6
2016-02-08,21.7
2016-02-09,22.9
2016-02-10,23.4
2016-02-11,24.7
2016-02-12,24.2
2016-02-13,22.0
2016-02-14,23.6
2016-02-15,22.3
2016-02-16,23.3
2016-02-17,25.6
2016-02-18,27.0
2016-02-19,28.8
2016-02-20,25.9
2016-02-21,25.4
2016-02-22,26.1
2016-02-23,26.9
2016-02-24,26.7
2016-02-25,27.3
2016-02-26,27.4
2016-02-27,27.3
2016-02-28,28.0
2016-02-29,28.0
2016-03-01,28.6
2016-03-02,30.5
2016-03-03,31.4
2016-03-04,31.9
2016-03-05,29.8
2016-03-06,25.9
2016-03-07,27.7
2016-03-08,27.6
2016-03-09,28.0
2016-03-10,29.7
2016-03-11,30.9
2016-03-12,28.4
2016-03-13,27.2
2016-03-14,25.1
2016-03-15,27.3
2016-03-16,27.6
2016-03-17,29.8
2016-03-18,29.3
2016-03-19,30.7
2016-03-20,31.4
2016-03-21,30.5
2016-03-22,29.8
2016-03-23,31.9
2016-03-24,33.4
2016-03-25,34.7
2016-03-26,32.3
2016-03-27,31.7
2016-03-28,31.7
2016-03-29,32.0
2016-03-30,34.4
2016-03-31,36.3
2016-04-01,36.5
2016-04-02,37.6
2016-04-03,38.5
2016-04-04,37.1
2016-04-05,35.9
2016-04-06,35.1
2016-04-07,34.8
2016-04-08,34.8
2016-04-09,36.3
2016-04-10,36.3
2016-04-11,34.9
2016-04-12,34.5
2016-04-13,36.7
2016-04-14,38.5
2016-04-15,39.8
2016-04-16,41.0
2016-04-17,39.7
2016-04-18,38.5
2016-04-19,37.8
2016-04-20,38.8
2016-04-21,38.9
2016-04-22,38.6
2016-04-23,36.7
2016-04-24,37.1
2016-04-25,38.1
2016-04-26,38.5
2016-04-27,39.7
2016-04-28,39.6
2016-04-29,39.4
2016-04-30,39.9
2016-05-01,41.2
2016-05-02,42.5
2016-05-03,38.0
2016-05-04,38.9
2016-05-05,34.6
2016-05-06,34.1
2016-05-07,36.0
2016-05-08,37.2
2016-05-09,38.8
2016-05-10,38.0
2016-05-11,37.0
2016-05-12,39.0
2016-05-13,41.0
2016-05-14,41.2
2016-05-15,42.3
2016-05-16,42.7
2016-05-17,42.7
2016-05-18,43.1
2016-05-19,41.6
2016-05-20,40.2
2016-05-21,41.1
2016-05-22,42.1
2016-05-23,40.9
2016-05-24,38.0
2016-05-25,39.4
2016-05-26,39.8
2016-05-27,40.9
2016-05-28,40.4
2016-05-29,36.2
2016-05-30,33.0
2016-05-31,38.1
2016-06-01,40.2
2016-06-02,41.0
2016-06-03,41.8
2016-06-04,42.4
2016-06-05,40.8
2016-06-06,40.0
2016-06-07,39.6
2016-06-08,40.5
2016-06-09,40.2
2016-06-10,41.6
2016-06-11,39.4
2016-06-12,38.9
2016-06-13,40.2
2016-06-14,37.5
2016-06-15,36.7
2016-06-16,36.8
2016-06-17,37.5
2016-06-18,36.4
2016-06-19,36.3
2016-06-20,36.5
2016-06-21,36.2
2016-06-22,35.2
2016-06-23,37.7
2016-06-24,38.8
2016-06-25,38.9
2016-06-26,36.5
2016-06-27,37.0
2016-06-28,34.2
2016-06-29,36.1
2016-06-30,37.8
2016-07-01,36.0
2016-07-02,30.7
2016-07-03,30.2
2016-07-04,32.7
2016-07-05,34.7
2016-07-06,33.4
2016-07-07,33.5
2016-07-08,34.4
2016-07-09,34.5
2016-07-10,34.4
2016-07-11,33.0
2016-07-12,32.0
2016-07-13,33.0
2016-07-14,32.7
2016-07-15,32.1
2016-07-16,27.4
2016-07-17,26.8
2016-07-18,32.8
2016-07-19,34.1
2016-07-20,34.8
2016-07-21,35.3
2016-07-22,34.6
2016-07-23,32.0
2016-07-24,32.3
2016-07-25,33.1
2016-07-26,31.3
2016-07-27,29.5
2016-07-28,30.0
2016-07-29,27.0
2016-07-30,29.6
2016-07-31,29.0
2016-08-01,29.2
2016-08-02,31.9
2016-08-03,32.9
2016-08-04,33.6
2016-08-05,33.7
2016-08-06,31.3
2016-08-07,33.0
2016-08-08,32.5
2016-08-09,30.5
2016-08-10,30.4
2016-08-11,30.4
2016-08-12,30.7
2016-08-13,31.8
2016-08-14,30.9
2016-08-15,33.1
2016-08-16,33.4
2016-08-17,29.8
2016-08-18,30.1
2016-08-19,32.3
2016-08-20,31.6
2016-08-21,30.6
2016-08-22,31.6
2016-08-23,31.0
2016-08-24,29.7
2016-08-25,32.3
2016-08-26,32.9
2016-08-27,32.5
2016-08-28,32.9
2016-08-29,31.7
2016-08-30,31.4
2016-08-31,30.0
2016-09-01,31.3
2016-09-02,31.7
2016-09-03,31.3
2016-09-04,32.0
2016-09-05,31.6
2016-09-06,31.6
2016-09-07,32.1
2016-09-08,32.1
2016-09-09,33.0
2016-09-10,33.1
2016-09-11,32.9
2016-09-12,32.5
2016-09-13,33.0
2016-09-14,31.9
2016-09-15,33.1
2016-09-16,33.6
2016-09-17,32.7
2016-09-18,33.0
2016-09-19,33.2
2016-09-20,34.6
2016-09-21,34.4
2016-09-22,30.2
2016-09-23,31.9
2016-09-24,31.8
2016-09-25,31.7
2016-09-26,32.5
2016-09-27,32.8
2016-09-28,33.7
2016-09-29,33.2
2016-09-30,33.5
2016-10-01,33.7
2016-10-02,33.8
2016-10-03,33.1
2016-10-04,33.0
2016-10-05,31.4
2016-10-06,31.8
2016-10-07,33.6
2016-10-08,33.9
2016-10-09,34.0
2016-10-10,32.6
2016-10-11,33.4
2016-10-12,33.7
2016-10-13,34.0
2016-10-14,33.3
2016-10-15,32.9
2016-10-16,33.1
2016-10-17,33.1
2016-10-18,32.6
2016-10-19,32.9
2016-10-20,33.6
2016-10-21,33.3
2016-10-22,33.6
2016-10-23,32.7
2016-10-24,32.6
2016-10-25,32.8
2016-10-26,32.7
2016-10-27,31.7
2016-10-28,30.9
2016-10-29,30.9
2016-10-30,30.2
2016-10-31,29.6
2016-11-01,29.3
2016-11-02,29.7
2016-11-03,29.7
2016-11-04,29.8
2016-11-05,29.5
2016-11-06,29.5
2016-11-07,29.5
2016-11-08,29.3
2016-11-09,29.5
2016-11-10,29.3
2016-11-11,28.9
2016-11-12,29.3
2016-11-13,28.5
2016-11-14,27.7
2016-11-15,27.2
2016-11-16,27.1
2016-11-17,27.5
2016-11-18,27.1
2016-11-19,26.9
2016-11-20,27.6
2016-11-21,28.7
2016-11-22,28.8
2016-11-23,28.1
2016-11-24,27.8
2016-11-25,28.7
2016-11-26,29.4
2016-11-27,29.2
2016-11-28,28.1
2016-11-29,26.5
2016-11-30,26.3
2016-12-01,26.0
2016-12-02,25.3
2016-12-03,25.6
2016-12-04,25.2
2016-12-05,25.3
2016-12-06,25.2
2016-12-07,24.7
2016-12-08,24.4
2016-12-09,25.2
2016-12-10,25.6
2016-12-11,25.7
2016-12-12,25.4
2016-12-13,24.4
2016-12-14,23.8
2016-12-15,23.3
2016-12-16,22.6
2016-12-17,22.3
2016-12-18,22.1
2016-12-19,23.1
2016-12-20,24.3
2016-12-21,24.9
2016-12-22,23.1
2016-12-23,23.8
2016-12-24,23.8
2016-12-25,21.6
2016-12-26,22.6
2016-12-27,22.9
2016-12-28,23.4
2016-12-29,23.0
2016-12-30,22.1
2016-12-31,21.5
2017-01-01,22.0
2017-01-02,21.7
2017-01-03,22.5
2017-01-04,23.0
2017-01-05,23.4
2017-01-06,23.0
2017-01-07,19.4
2017-01-08,18.4
2017-01-09,19.2
2017-01-10,16.7
2017-01-11,15.9
2017-01-12,16.9
2017-01-13,17.9
2017-01-14,18.5
2017-01-15,20.2
2017-01-16,19.6
2017-01-17,16.5
2017-01-18,19.0
2017-01-19,20.8
2017-01-20,19.3
2017-01-21,19.8
2017-01-22,22.9
2017-01-23,23.5
2017-01-24,24.9
2017-01-25,25.1
2017-01-26,19.0
2017-01-27,17.9
2017-01-28,19.6
2017-01-29,21.0
2017-01-30,20.8
2017-01-31,21.1
2017-02-01,20.6
2017-02-02,21.4
2017-02-03,22.1
2017-02-04,22.5
2017-02-05,21.8
2017-02-06,21.8
2017-02-07,20.0
2017-02-08,21.4
2017-02-09,20.7
2017-02-10,21.0
2017-02-11,21.4
2017-02-12,22.1
2017-02-13,23.0
2017-02-14,24.0
2017-02-15,25.1
2017-02-16,27.4
2017-02-17,27.1
2017-02-18,28.5
2017-02-19,28.5
2017-02-20,29.4
2017-02-21,25.4
2017-02-22,25.5
2017-02-23,24.6
2017-02-24,25.1
2017-02-25,26.8
2017-02-26,26.4
2017-02-27,27.4
2017-02-28,29.2
2017-03-01,28.0
2017-03-02,27.5
2017-03-03,26.4
2017-03-04,25.1
2017-03-05,26.6
2017-03-06,26.9
2017-03-07,27.5
2017-03-08,25.9
2017-03-09,25.9
2017-03-10,22.5
2017-03-11,21.6
2017-03-12,21.5
2017-03-13,22.8
2017-03-14,24.5
2017-03-15,26.9
2017-03-16,27.1
2017-03-17,26.4
2017-03-18,27.9
2017-03-19,29.4
2017-03-20,29.5
2017-03-21,32.0
2017-03-22,33.8
2017-03-23,34.6
2017-03-24,33.4
2017-03-25,32.7
2017-03-26,34.0
2017-03-27,36.0
2017-03-28,36.8
2017-03-29,37.3
2017-03-30,37.2
2017-03-31,37.3
2017-04-01,37.7
2017-04-02,37.0
2017-04-03,37.5
2017-04-04,36.5
2017-04-05,34.6
2017-04-06,36.4
2017-04-07,33.2
2017-04-08,32.8
2017-04-09,31.8
2017-04-10,33.2
2017-04-11,36.3
2017-04-12,38.4
2017-04-13,38.5
2017-04-14,39.0
2017-04-15,39.9
2017-04-16,39.7
2017-04-17,40.6
2017-04-18,41.3
2017-04-19,41.5
2017-04-20,41.5
2017-04-21,40.8
2017-04-22,40.5
2017-04-23,38.8
2017-04-24,37.0
2017-04-25,37.1
2017-04-26,37.5
2017-04-27,38.4
2017-04-28,38.2
2017-04-29,38.2
2017-04-30,37.1
2017-05-01,36.9
2017-05-02,38.3
2017-05-03,38.2
2017-05-04,38.5
2017-05-05,39.1
2017-05-06,40.7
2017-05-07,42.0
2017-05-08,42.0
2017-05-09,42.0
2017-05-10,39.8
2017-05-11,39.9
2017-05-12,40.3
2017-05-13,40.3
2017-05-14,42.6
2017-05-15,42.6
2017-05-16,40.6
2017-05-17,35.8
2017-05-18,38.5
2017-05-19,40.8
2017-05-20,39.9
2017-05-21,39.3
2017-05-22,37.7
2017-05-23,37.8
2017-05-24,39.6
2017-05-25,40.7
2017-05-26,42.5
2017-05-27,40.8
2017-05-28,38.0
2017-05-29,35.5
2017-05-30,35.2
2017-05-31,37.2
2017-06-01,37.8
2017-06-02,39.3
2017-06-03,42.0
2017-06-04,44.0
2017-06-05,42.9
2017-06-06,40.8
2017-06-07,36.5
2017-06-08,35.7
2017-06-09,36.7
2017-06-10,38.8
2017-06-11,38.0
2017-06-12,38.9
2017-06-13,40.9
2017-06-14,41.0
2017-06-15,39.1
2017-06-16,36.6
2017-06-17,37.0
2017-06-18,36.5
2017-06-19,35.5
2017-06-20,34.8
2017-06-21,33.0
2017-06-22,34.2
2017-06-23,33.1
2017-06-24,35.8
2017-06-25,36.8
2017-06-26,37.0
2017-06-27,36.7
2017-06-28,33.5
2017-06-29,31.0
2017-06-30,30.4
2017-07-01,31.1
2017-07-02,30.3
2017-07-03,32.8
2017-07-04,34.5
2017-07-05,34.5
2017-07-06,34.3
2017-07-07,34.5
2017-07-08,34.5
2017-07-09,36.4
2017-07-10,36.3
2017-07-11,34.7
2017-07-12,30.8
2017-07-13,32.3
2017-07-14,32.8
2017-07-15,32.5
2017-07-16,32.8
2017-07-17,33.2
2017-07-18,33.8
2017-07-19,35.2
2017-07-20,32.2
2017-07-21,32.7
2017-07-22,31.2
2017-07-23,32.2
2017-07-24,30.5
2017-07-25,31.2
2017-07-26,31.8
2017-07-27,32.8
2017-07-28,32.1
2017-07-29,31.7
2017-07-30,31.4
2017-07-31,31.0
2017-08-01,28.6
2017-08-02,31.6
2017-08-03,31.6
2017-08-04,32.0
2017-08-05,33.4
2017-08-06,32.5
2017-08-07,31.5
2017-08-08,32.5
2017-08-09,30.4
2017-08-10,32.5
2017-08-11,34.1
2017-08-12,33.2
2017-08-13,33.1
2017-08-14,33.2
2017-08-15,32.8
2017-08-16,34.5
2017-08-17,35.8
2017-08-18,35.6
2017-08-19,30.4
2017-08-20,33.2
2017-08-21,32.7
2017-08-22,32.2
2017-08-23,31.2
2017-08-24,32.2
2017-08-25,30.8
2017-08-26,31.8
2017-08-27,32.6
2017-08-28,29.0
2017-08-29,31.2
2017-08-30,30.8
2017-08-31,28.8
2017-09-01,30.2
2017-09-02,28.1
2017-09-03,31.4
2017-09-04,32.8
2017-09-05,32.2
2017-09-06,32.5
2017-09-07,31.0
2017-09-08,32.2
2017-09-09,32.8
2017-09-10,34.3
2017-09-11,34.5
2017-09-12,33.8
2017-09-13,34.0
2017-09-14,33.7
2017-09-15,34.2
2017-09-16,33.7
2017-09-17,33.3
2017-09-18,34.8
2017-09-19,33.8
2017-09-20,35.7
2017-09-21,33.7
2017-09-22,27.2
2017-09-23,26.4
2017-09-24,30.8
2017-09-25,33.1
2017-09-26,33.2
2017-09-27,34.0
2017-09-28,33.8
2017-09-29,33.5
2017-09-30,34.8
2017-10-01,35.5
2017-10-02,35.3
2017-10-03,34.6
2017-10-04,34.3
2017-10-05,34.4
2017-10-06,34.7
2017-10-07,33.9
2017-10-08,34.6
2017-10-09,35.0
2017-10-10,34.8
2017-10-11,34.5
2017-10-12,34.2
2017-10-13,34.5
2017-10-14,35.7
2017-10-15,35.3
2017-10-16,35.3
2017-10-17,33.6
2017-10-18,33.5
2017-10-19,34.5
2017-10-20,34.7
2017-10-21,34.8
2017-10-22,35.0
2017-10-23,33.5
2017-10-24,33.2
2017-10-25,32.0
2017-10-26,32.0
2017-10-27,30.9
2017-10-28,31.4
2017-10-29,30.8
2017-10-30,29.8
2017-10-31,30.2
2017-11-01,30.5
2017-11-02,30.4
2017-11-03,29.4
2017-11-04,29.2
2017-11-05,29.1
2017-11-06,29.3
2017-11-07,28.6
2017-11-08,29.1
2017-11-09,29.0
2017-11-10,28.8
2017-11-11,27.6
2017-11-12,27.5
2017-11-13,27.6
2017-11-14,27.5
2017-11-15,26.1
2017-11-16,25.7
2017-11-17,25.3
2017-11-18,25.4
2017-11-19,24.5
2017-11-20,22.8
2017-11-21,23.2
2017-11-22,24.1
2017-11-23,24.0
2017-11-24,24.7
2017-11-25,24.9
2017-11-26,24.9
2017-11-27,25.1
2017-11-28,25.6
2017-11-29,25.8
2017-11-30,25.2
2017-12-01,23.9
2017-12-02,23.8
2017-12-03,22.9
2017-12-04,22.7
2017-12-05,22.8
2017-12-06,20.9
2017-12-07,22.7
2017-12-08,23.9
2017-12-09,23.7
2017-12-10,23.9
2017-12-11,23.4
2017-12-12,20.8
2017-12-13,19.7
2017-12-14,20.4
2017-12-15,20.1
2017-12-16,19.5
2017-12-17,21.0
2017-12-18,23.5
2017-12-19,22.5
2017-12-20,21.8
2017-12-21,22.9
2017-12-22,23.3
2017-12-23,22.5
2017-12-24,22.3
2017-12-25,22.1
2017-12-26,22.2
2017-12-27,22.5
2017-12-28,22.5
2017-12-29,21.5
2017-12-30,21.1
2017-12-31,20.1
2018-01-01,20.0
2018-01-02,19.8
2018-01-03,19.8
2018-01-04,20.2
2018-01-05,20.2
2018-01-06,19.5
2018-01-07,18.8
2018-01-08,19.5
2018-01-09,19.8
2018-01-10,20.8
2018-01-11,21.2
2018-01-12,21.9
2018-01-13,21.5
2018-01-14,21.9
2018-01-15,21.8
2018-01-16,22.0
2018-01-17,21.3
2018-01-18,23.8
2018-01-19,23.4
2018-01-20,22.0
2018-01-21,21.4
2018-01-22,21.7
2018-01-23,16.1
2018-01-24,18.7
2018-01-25,19.5
2018-01-26,19.9
2018-01-27,19.9
2018-01-28,21.1
2018-01-29,21.9
2018-01-30,24.3
2018-01-31,24.1
2018-02-01,25.4
2018-02-02,24.4
2018-02-03,23.0
2018-02-04,22.0
2018-02-05,22.0
2018-02-06,22.1
2018-02-07,22.3
2018-02-08,22.0
2018-02-09,22.9
2018-02-10,23.8
2018-02-11,23.8
2018-02-12,21.8
2018-02-13,21.5
2018-02-14,21.6
2018-02-15,23.0
2018-02-16,24.5
2018-02-17,25.0
2018-02-18,25.0
2018-02-19,25.4
2018-02-20,26.8
2018-02-21,29.5
2018-02-22,29.9
2018-02-23,29.6
2018-02-24,28.6
2018-02-25,27.8
2018-02-26,26.9
2018-02-27,28.8
2018-02-28,29.3
2018-03-01,29.8
2018-03-02,30.7
2018-03-03,30.8
2018-03-04,28.1
2018-03-05,27.0
2018-03-06,27.5
2018-03-07,28.4
2018-03-08,29.5
2018-03-09,30.9
2018-03-10,31.0
2018-03-11,30.8
2018-03-12,32.1
2018-03-13,34.0
2018-03-14,32.6
2018-03-15,31.4
2018-03-16,29.6
2018-03-17,29.1
2018-03-18,30.8
2018-03-19,32.8
2018-03-20,32.8
2018-03-21,30.6
2018-03-22,29.6
2018-03-23,29.0
2018-03-24,31.1
2018-03-25,32.5
2018-03-26,33.8
2018-03-27,35.2
2018-03-28,35.5
2018-03-29,35.3
2018-03-30,34.2
2018-03-31,33.5
2018-04-01,33.0
2018-04-02,35.0
2018-04-03,36.0
2018-04-04,37.2
2018-04-05,36.5
2018-04-06,34.8
2018-04-07,33.5
2018-04-08,33.4
2018-04-09,33.2
2018-04-10,33.8
2018-04-11,31.9
2018-04-12,31.5
2018-04-13,33.0
2018-04-14,34.8
2018-04-15,36.5
2018-04-16,37.0
2018-04-17,36.7
2018-04-18,36.5
2018-04-19,37.3
2018-04-20,39.0
2018-04-21,34.0
2018-04-22,34.3
2018-04-23,35.5
2018-04-24,37.8
2018-04-25,40.3
2018-04-26,41.2
2018-04-27,38.6
2018-04-28,38.6
2018-04-29,38.5
2018-04-30,38.9
2018-05-01,37.5
2018-05-02,36.7
2018-05-03,34.8
2018-05-04,34.5
2018-05-05,37.0
2018-05-06,38.2
2018-05-07,37.2
2018-05-08,33.8
2018-05-09,35.4
2018-05-10,37.6
2018-05-11,40.0
2018-05-12,40.1
2018-05-13,36.5
2018-05-14,36.8
2018-05-15,37.5
2018-05-16,38.9
2018-05-17,40.4
2018-05-18,39.5
2018-05-19,39.2
2018-05-20,40.0
2018-05-21,40.8
2018-05-22,42.7
2018-05-23,42.0
2018-05-24,41.6
2018-05-25,42.1
2018-05-26,42.9
2018-05-27,43.0
2018-05-28,41.9
2018-05-29,41.7
2018-05-30,40.3
2018-05-31,41.5
2018-06-01,41.2
2018-06-02,39.3
2018-06-03,37.3
2018-06-04,40.5
2018-06-05,39.7
2018-06-06,38.2
2018-06-07,39.5
2018-06-08,39.8
2018-06-09,37.2
2018-06-10,36.0
2018-06-11,39.3
2018-06-12,41.8
2018-06-13,40.5
2018-06-14,40.3
2018-06-15,38.9
2018-06-16,39.3
2018-06-17,35.7
2018-06-18,35.9
2018-06-19,38.6
2018-06-20,40.0
2018-06-21,40.7
2018-06-22,41.7
2018-06-23,40.7
2018-06-24,40.5
2018-06-25,40.8
2018-06-26,36.2
2018-06-27,34.2
2018-06-28,33.3
2018-06-29,33.2
2018-06-30,33.0
2018-07-01,34.0
2018-07-02,35.0
2018-07-03,33.7
2018-07-04,32.5
2018-07-05,34.8
2018-07-06,34.9
2018-07-07,36.0
2018-07-08,37.2
2018-07-09,36.8
2018-07-10,37.0
2018-07-11,36.2
2018-07-12,33.5
2018-07-13,32.2
2018-07-14,31.8
2018-07-15,33.2
2018-07-16,32.1
2018-07-17,33.2
2018-07-18,33.2
2018-07-19,32.9
2018-07-20,32.5
2018-07-21,30.8
2018-07-22,29.5
2018-07-23,32.3
2018-07-24,32.8
2018-07-25,32.2
2018-07-26,29.4
2018-07-27,29.0
2018-07-28,31.6
2018-07-29,32.5
2018-07-30,33.3
2018-07-31,33.5
2018-08-01,34.2
2018-08-02,34.2
2018-08-03,34.3
2018-08-04,34.0
2018-08-05,32.8
2018-08-06,28.5
2018-08-07,29.0
2018-08-08,31.5
2018-08-09,32.5
2018-08-10,32.8
2018-08-11,33.6
2018-08-12,30.4
2018-08-13,32.5
2018-08-14,32.8
2018-08-15,33.1
2018-08-16,32.3
2018-08-17,31.9
2018-08-18,32.4
2018-08-19,31.2
2018-08-20,32.8
2018-08-21,33.0
2018-08-22,33.1
2018-08-23,31.8
2018-08-24,32.7
2018-08-25,32.8
2018-08-26,32.5
2018-08-27,30.5
2018-08-28,31.0
2018-08-29,30.8
2018-08-30,32.5
2018-08-31,33.8
2018-09-01,31.8
2018-09-02,29.4
2018-09-03,30.4
2018-09-04,28.9
2018-09-05,31.4
2018-09-06,31.6
2018-09-07,30.9
2018-09-08,31.1
2018-09-09,29.7
2018-09-10,31.3
2018-09-11,30.8
2018-09-12,32.7
2018-09-13,32.2
2018-09-14,31.6
2018-09-15,32.2
2018-09-16,32.3
2018-09-17,32.1
2018-09-18,33.0
2018-09-19,33.4
2018-09-20,33.3
2018-09-21,31.4
2018-09-22,28.0
2018-09-23,29.0
2018-09-24,26.5
2018-09-25,29.1
2018-09-26,30.6
2018-09-27,31.5
2018-09-28,32.2
2018-09-29,32.5
2018-09-30,31.8
2018-10-01,32.5
2018-10-02,33.3
2018-10-03,32.8
2018-10-04,32.5
2018-10-05,32.7
2018-10-06,32.2
2018-10-07,31.8
2018-10-08,32.3
2018-10-09,31.9
2018-10-10,31.6
2018-10-11,28.5
2018-10-12,29.9
2018-10-13,29.0
2018-10-14,30.1
2018-10-15,31.5
2018-10-16,30.8
2018-10-17,32.5
2018-10-18,31.4
2018-10-19,31.6
2018-10-20,31.3
2018-10-21,30.0
2018-10-22,29.6
2018-10-23,30.1
2018-10-24,30.0
2018-10-25,30.1
2018-10-26,30.2
2018-10-27,29.7
2018-10-28,29.9
2018-10-29,29.5
2018-10-30,29.1
2018-10-31,29.2
2018-11-01,29.0
2018-11-02,30.0
2018-11-03,28.3
2018-11-04,27.4
2018-11-05,25.5
2018-11-06,26.0
2018-11-07,26.0
2018-11-08,26.4
2018-11-09,26.7
2018-11-10,27.5
2018-11-11,28.0
2018-11-12,27.9
2018-11-13,28.0
2018-11-14,26.0
2018-11-15,26.7
2018-11-16,25.3
2018-11-17,25.0
2018-11-18,26.8
2018-11-19,26.5
2018-11-20,27.2
2018-11-21,26.7
2018-11-22,26.6
2018-11-23,26.3
2018-11-24,26.0
2018-11-25,25.1
2018-11-26,25.5
2018-11-27,25.2
2018-11-28,25.2
2018-11-29,25.5
2018-11-30,25.8
2018-12-01,24.8
2018-12-02,24.3
2018-12-03,23.9
2018-12-04,23.4
2018-12-05,22.9
2018-12-06,23.0
2018-12-07,22.9
2018-12-08,23.0
2018-12-09,22.5
2018-12-10,22.2
2018-12-11,21.5
2018-12-12,18.3
2018-12-13,19.5
2018-12-14,20.1
2018-12-15,20.8
2018-12-16,20.8
2018-12-17,20.6
2018-12-18,20.4
2018-12-19,20.3
2018-12-20,20.3
2018-12-21,20.0
2018-12-22,19.5
2018-12-23,19.8
2018-12-24,20.4
2018-12-25,19.6
2018-12-26,19.0
2018-12-27,18.8
2018-12-28,18.3
2018-12-29,19.1
2018-12-30,19.6
2018-12-31,20.7
2019-01-01,20.1
2019-01-02,21.0
2019-01-03,20.6
2019-01-04,18.8
2019-01-05,20.5
2019-01-06,18.1
2019-01-07,19.0
2019-01-08,18.3
2019-01-09,19.3
2019-01-10,19.4
2019-01-11,19.4
2019-01-12,19.8
2019-01-13,20.9
2019-01-14,18.1
2019-01-15,18.7
2019-01-16,18.9
2019-01-17,20.0
2019-01-18,20.3
2019-01-19,22.6
2019-01-20,24.8
2019-01-21,20.8
2019-01-22,19.5
2019-01-23,18.5
2019-01-24,19.5
2019-01-25,17.0
2019-01-26,17.2
2019-01-27,16.1
2019-01-28,17.0
2019-01-29,18.1
2019-01-30,18.5
2019-01-31,18.5
2019-02-01,19.2
2019-02-02,19.4
2019-02-03,19.9
2019-02-04,20.8
2019-02-05,22.0
2019-02-06,23.1
2019-02-07,20.1
2019-02-08,18.5
2019-02-09,18.8
2019-02-10,18.3
2019-02-11,19.2
2019-02-12,21.3
2019-02-13,23.5
2019-02-14,20.4
2019-02-15,20.6
2019-02-16,19.2
2019-02-17,20.6
2019-02-18,22.5
2019-02-19,22.0
2019-02-20,20.5
2019-02-21,25.4
2019-02-22,22.7
2019-02-23,21.5
2019-02-24,22.0
2019-02-25,22.2
2019-02-26,21.4
2019-02-27,17.5
2019-02-28,19.3
2019-03-01,21.1
2019-03-02,20.9
2019-03-03,21.5
2019-03-04,22.5
2019-03-05,21.9
2019-03-06,23.2
2019-03-07,23.9
2019-03-08,24.2
2019-03-09,25.1
2019-03-10,24.7
2019-03-11,26.4
2019-03-12,26.6
2019-03-13,23.2
2019-03-14,24.2
2019-03-15,25.1
2019-03-16,25.3
2019-03-17,26.5
2019-03-18,27.2
2019-03-19,29.5
2019-03-20,30.7
2019-03-21,30.3
2019-03-22,29.0
2019-03-23,30.0
2019-03-24,31.2
2019-03-25,28.4
2019-03-26,29.9
2019-03-27,31.0
2019-03-28,33.8
2019-03-29,35.8
2019-03-30,35.9
2019-03-31,34.4
2019-04-01,33.5
2019-04-02,33.5
2019-04-03,35.0
2019-04-04,36.3
2019-04-05,37.8
2019-04-06,37.7
2019-04-07,35.0
2019-04-08,35.2
2019-04-09,36.7
2019-04-10,37.5
2019-04-11,37.8
2019-04-12,37.2
2019-04-13,36.8
2019-04-14,37.6
2019-04-15,38.5
2019-04-16,31.0
2019-04-17,25.9
2019-04-18,27.9
2019-04-19,29.9
2019-04-20,32.8
2019-04-21,35.3
2019-04-22,37.3
2019-04-23,39.1
2019-04-24,40.2
2019-04-25,39.3
2019-04-26,40.0
2019-04-27,40.2
2019-04-28,40.8
2019-04-29,40.7
2019-04-30,41.5
2019-05-01,40.7
2019-05-02,37.7
2019-05-03,37.5
2019-05-04,38.0
2019-05-05,38.7
2019-05-06,40.1
2019-05-07,40.0
2019-05-08,41.5
2019-05-09,41.1
2019-05-10,40.3
2019-05-11,38.5
2019-05-12,38.5
2019-05-13,38.5
2019-05-14,35.6
2019-05-15,36.8
2019-05-16,36.7
2019-05-17,34.9
2019-05-18,33.3
2019-05-19,36.5
2019-05-20,38.7
2019-05-21,39.2
2019-05-22,39.2
2019-05-23,39.2
2019-05-24,35.3
2019-05-25,36.5
2019-05-26,38.2
2019-05-27,40.7
2019-05-28,40.7
2019-05-29,41.9
2019-05-30,43.4
2019-05-31,44.1
2019-06-01,43.5
2019-06-02,42.8
2019-06-03,41.4
2019-06-04,41.7
2019-06-05,41.5
2019-06-06,42.8
2019-06-07,41.4
2019-06-08,41.7
2019-06-09,43.5
2019-06-10,44.0
2019-06-11,43.7
2019-06-12,39.7
2019-06-13,41.1
2019-06-14,42.0
2019-06-15,42.4
2019-06-16,38.8
2019-06-17,38.8
2019-06-18,36.0
2019-06-19,36.5
2019-06-20,37.7
2019-06-21,38.8
2019-06-22,40.2
2019-06-23,38.8
2019-06-24,37.0
2019-06-25,36.2
2019-06-26,39.7
2019-06-27,40.2
2019-06-28,42.1
2019-06-29,41.5
2019-06-30,42.8
2019-07-01,41.5
2019-07-02,40.2
2019-07-03,36.7
2019-07-04,39.0
2019-07-05,34.8
2019-07-06,34.9
2019-07-07,35.8
2019-07-08,36.3
2019-07-09,35.0
2019-07-10,34.9
2019-07-11,38.4
2019-07-12,38.2
2019-07-13,38.5
2019-07-14,36.8
2019-07-15,36.8
2019-07-16,29.0
2019-07-17,30.8
2019-07-18,32.2
2019-07-19,33.2
2019-07-20,33.8
2019-07-21,33.0
2019-07-22,34.2
2019-07-23,35.5
2019-07-24,36.7
2019-07-25,29.9
2019-07-26,29.9
2019-07-27,30.0
2019-07-28,31.8
2019-07-29,33.0
2019-07-30,32.0
2019-07-31,31.8
2019-08-01,32.2
2019-08-02,31.5
2019-08-03,30.8
2019-08-04,32.5
2019-08-05,32.8
2019-08-06,31.0
2019-08-07,30.9
2019-08-08,33.8
2019-08-09,31.4
2019-08-10,32.2
2019-08-11,32.8
2019-08-12,32.2
2019-08-13,33.2
2019-08-14,31.5
2019-08-15,31.9
2019-08-16,30.9
2019-08-17,27.6
2019-08-18,30.6
2019-08-19,31.6
2019-08-20,32.7
2019-08-21,33.9
2019-08-22,32.1
2019-08-23,32.8
2019-08-24,33.6
2019-08-25,30.4
2019-08-26,32.3
2019-08-27,33.3
2019-08-28,34.0
2019-08-29,33.6
2019-08-30,33.5
2019-08-31,33.0
2019-09-01,31.5
2019-09-02,33.2
2019-09-03,33.5
2019-09-04,32.2
2019-09-05,32.6
2019-09-06,32.9
2019-09-07,32.0
2019-09-08,33.2
2019-09-09,34.2
2019-09-10,35.2
2019-09-11,35.7
2019-09-12,33.8
2019-09-13,33.6
2019-09-14,32.2
2019-09-15,31.5
2019-09-16,33.2
2019-09-17,32.1
2019-09-18,31.9
2019-09-19,30.3
2019-09-20,30.9
2019-09-21,31.5
2019-09-22,29.9
2019-09-23,31.1
2019-09-24,31.6
2019-09-25,31.1
2019-09-26,30.5
2019-09-27,30.3
2019-09-28,29.3
2019-09-29,27.3
2019-09-30,29.7
2019-10-01,28.7
2019-10-02,30.9
2019-10-03,32.3
2019-10-04,29.6
2019-10-05,31.9
2019-10-06,32.2
2019-10-07,31.5
2019-10-08,31.6
2019-10-09,30.0
2019-10-10,31.0
2019-10-11,32.1
2019-10-12,33.2
2019-10-13,33.3
2019-10-14,33.5
2019-10-15,33.3
2019-10-16,33.2
2019-10-17,32.0
2019-10-18,31.5
2019-10-19,30.8
2019-10-20,32.6
2019-10-21,31.8
2019-10-22,31.5
2019-10-23,31.6
2019-10-24,30.9
2019-10-25,29.9
2019-10-26,30.0
2019-10-27,31.5
2019-10-28,30.4
2019-10-29,29.4
2019-10-30,31.0
2019-10-31,30.9
2019-11-01,31.2
2019-11-02,30.4
2019-11-03,28.8
2019-11-04,29.0
2019-11-05,29.2
2019-11-06,29.8
2019-11-07,26.0
2019-11-08,26.8
2019-11-09,28.5
2019-11-10,27.5
2019-11-11,26.8
2019-11-12,27.4
2019-11-13,27.2
2019-11-14,27.6
2019-11-15,27.0
2019-11-16,28.6
2019-11-17,27.9
2019-11-18,25.8
2019-11-19,25.9
2019-11-20,25.9
2019-11-21,26.2
2019-11-22,27.0
2019-11-23,26.0
2019-11-24,26.0
2019-11-25,25.5
2019-11-26,25.0
2019-11-27,25.1
2019-11-28,22.6
2019-11-29,22.9
2019-11-30,22.2
2019-12-01,21.8
2019-12-02,21.9
2019-12-03,22.4
2019-12-04,21.8
2019-12-05,21.2
2019-12-06,21.8
2019-12-07,22.4
2019-12-08,22.5
2019-12-09,21.8
2019-12-10,21.4
2019-12-11,21.4
2019-12-12,18.4
2019-12-13,19.5
2019-12-14,17.6
2019-12-15,18.5
2019-12-16,18.3
2019-12-17,18.2
2019-12-18,18.0
2019-12-19,17.1
2019-12-20,18.0
2019-12-21,16.1
2019-12-22,18.5
2019-12-23,18.6
2019-12-24,15.3
2019-12-25,15.3
2019-12-26,14.9
2019-12-27,13.6
2019-12-28,13.1
2019-12-29,13.1
2019-12-30,12.8
2019-12-31,12.9
2020-01-01,17.7
2020-01-02,19.5
2020-01-03,19.0
2020-01-04,18.9
2020-01-05,19.8
2020-01-06,17.0
2020-01-07,17.8
2020-01-08,15.3
2020-01-09,15.9
2020-01-10,16.6
2020-01-11,16.9
2020-01-12,19.7
2020-01-13,20.6
2020-01-14,18.2
2020-01-15,18.6
2020-01-16,15.8
2020-01-17,17.9
2020-01-18,17.2
2020-01-19,17.5
2020-01-20,17.5
2020-01-21,18.2
2020-01-22,18.8
2020-01-23,17.8
2020-01-24,19.2
2020-01-25,18.2
2020-01-26,20.2
2020-01-27,20.0
2020-01-28,19.3
2020-01-29,18.5
2020-01-30,18.1
2020-01-31,17.5
2020-02-01,18.3
2020-02-02,18.0
2020-02-03,18.8
2020-02-04,19.6
2020-02-05,19.0
2020-02-06,17.5
2020-02-07,18.3
2020-02-08,19.1
2020-02-09,19.8
2020-02-10,20.0
2020-02-11,20.6
2020-02-12,23.8
2020-02-13,26.5
2020-02-14,24.0
2020-02-15,24.7
2020-02-16,25.0
2020-02-17,25.5
2020-02-18,25.4
2020-02-19,25.1
2020-02-20,26.3
2020-02-21,18.9
2020-02-22,21.5
2020-02-23,23.2
2020-02-24,23.5
2020-02-25,24.4
2020-02-26,25.0
2020-02-27,25.4
2020-02-28,25.5
2020-02-29,21.9
2020-03-01,24.9
2020-03-02,25.4
2020-03-03,26.0
2020-03-04,24.9
2020-03-05,24.5
2020-03-06,21.3
2020-03-07,20.4
2020-03-08,22.7
2020-03-09,23.5
2020-03-10,23.6
2020-03-11,23.9
2020-03-12,25.6
2020-03-13,24.6
2020-03-14,20.6
2020-03-15,21.2
2020-03-16,23.9
2020-03-17,25.6
2020-03-18,27.1
2020-03-19,27.4
2020-03-20,29.0
2020-03-21,28.4
2020-03-22,28.6
2020-03-23,29.1
2020-03-24,30.1
2020-03-25,30.3
2020-03-26,29.6
2020-03-27,25.2
2020-03-28,27.2
2020-03-29,28.2
2020-03-30,28.8
2020-03-31,30.1
2020-04-01,31.1
2020-04-02,29.5
2020-04-03,29.4
2020-04-04,31.0
2020-04-05,31.6
2020-04-06,33.4
2020-04-07,32.8
2020-04-08,31.5
2020-04-09,31.5
2020-04-10,34.0
2020-04-11,35.1
2020-04-12,34.9
2020-04-13,37.0
2020-04-14,37.9
2020-04-15,37.5
2020-04-16,37.8
2020-04-17,34.7
2020-04-18,35.5
2020-04-19,33.9
2020-04-20,33.8
2020-04-21,32.2
2020-04-22,34.0
2020-04-23,35.5
2020-04-24,35.4
2020-04-25,33.7
2020-04-26,31.8
2020-04-27,30.4
2020-04-28,32.2
2020-04-29,34.7
2020-04-30,36.1
2020-05-01,38.4
2020-05-02,36.5
2020-05-03,34.7
2020-05-04,32.9
2020-05-05,34.4
2020-05-06,35.2
2020-05-07,35.8
2020-05-08,38.1
2020-05-09,39.5
2020-05-10,36.3
2020-05-11,35.8
2020-05-12,35.5
2020-05-13,35.5
2020-05-14,36.8
2020-05-15,38.2
2020-05-16,38.0
2020-05-17,38.7
2020-05-18,38.7
2020-05-19,38.6
2020-05-20,37.7
2020-05-21,40.2
2020-05-22,42.1
2020-05-23,41.7
2020-05-24,42.2
2020-05-25,43.2
2020-05-26,44.2
2020-05-27,43.7
2020-05-28,38.2
2020-05-29,35.0
2020-05-30,32.7
2020-05-31,32.6
2020-06-01,33.2
2020-06-02,34.3
2020-06-03,35.8
2020-06-04,34.4
2020-06-05,34.4
2020-06-06,34.4
2020-06-07,36.2
2020-06-08,35.5
2020-06-09,37.8
2020-06-10,38.4
2020-06-11,37.6
2020-06-12,38.5
2020-06-13,38.5
2020-06-14,38.5
2020-06-15,40.0
2020-06-16,39.2
2020-06-17,39.8
2020-06-18,41.2
2020-06-19,40.3
2020-06-20,39.2
2020-06-21,38.6
2020-06-22,36.5
2020-06-23,35.1
2020-06-24,33.0
2020-06-25,37.1
2020-06-26,36.4
2020-06-27,38.3
2020-06-28,38.8
2020-06-29,39.7
2020-06-30,36.3
2020-07-01,38.2
2020-07-02,40.5
2020-07-03,41.2
2020-07-04,37.7
2020-07-05,34.6
2020-07-06,34.7
2020-07-07,32.9
2020-07-08,32.8
2020-07-09,33.5
2020-07-10,37.8
2020-07-11,36.3
2020-07-12,35.5
2020-07-13,36.2
2020-07-14,38.5
2020-07-15,36.4
2020-07-16,33.6
2020-07-17,34.8
2020-07-18,35.8
2020-07-19,34.5
2020-07-20,33.3
2020-07-21,32.3
2020-07-22,30.2
2020-07-23,32.8
2020-07-24,32.3
2020-07-25,32.2
2020-07-26,34.0
2020-07-27,34.3
2020-07-28,35.5
2020-07-29,33.8
2020-07-30,31.9
2020-07-31,33.1
2020-08-01,32.8
2020-08-02,35.2
2020-08-03,35.9
2020-08-04,36.9
2020-08-05,33.7
2020-08-06,34.8
2020-08-07,33.5
2020-08-08,34.5
2020-08-09,33.3
2020-08-10,31.1
2020-08-11,31.8
2020-08-12,33.8
2020-08-13,27.5
2020-08-14,30.9
2020-08-15,32.3
2020-08-16,31.9
2020-08-17,32.8
2020-08-18,32.2
2020-08-19,29.1
2020-08-20,29.1
2020-08-21,32.2
2020-08-22,32.6
2020-08-23,31.4
2020-08-24,30.5
2020-08-25,31.8
2020-08-26,32.2
2020-08-27,31.5
2020-08-28,33.0
2020-08-29,32.5
2020-08-30,30.4
2020-08-31,31.5
2020-09-01,32.3
2020-09-02,32.3
2020-09-03,31.5
2020-09-04,32.3
2020-09-05,33.0
2020-09-06,31.2
2020-09-07,32.1
2020-09-08,32.9
2020-09-09,34.0
2020-09-10,34.3
2020-09-11,34.8
2020-09-12,34.7
2020-09-13,33.6
2020-09-14,33.7
2020-09-15,35.2
2020-09-16,36.3
2020-09-17,36.6
2020-09-18,37.3
2020-09-19,36.2
2020-09-20,36.0
2020-09-21,35.6
2020-09-22,33.5
2020-09-23,32.7
2020-09-24,35.3
2020-09-25,36.6
2020-09-26,34.5
2020-09-27,34.7
2020-09-28,34.8
2020-09-29,34.5
2020-09-30,34.5
2020-10-01,35.2
2020-10-02,34.7
2020-10-03,33.7
2020-10-04,33.5
2020-10-05,34.0
2020-10-06,34.1
2020-10-07,34.5
2020-10-08,34.0
2020-10-09,33.5
2020-10-10,33.7
2020-10-11,33.7
2020-10-12,33.2
2020-10-13,34.0
2020-10-14,33.1
2020-10-15,33.5
2020-10-16,32.9
2020-10-17,33.2
2020-10-18,33.2
2020-10-19,32.3
2020-10-20,33.0
2020-10-21,33.4
2020-10-22,32.5
2020-10-23,32.5
2020-10-24,32.4
2020-10-25,32.8
2020-10-26,32.2
2020-10-27,30.8
2020-10-28,30.2
2020-10-29,30.2
2020-10-30,30.0
2020-10-31,30.1
2020-11-01,29.0
2020-11-02,29.4
2020-11-03,29.6
2020-11-04,29.0
2020-11-05,30.1
2020-11-06,30.2
2020-11-07,29.5
2020-11-08,29.2
2020-11-09,28.6
2020-11-10,27.7
2020-11-11,27.7
2020-11-12,27.2
2020-11-13,27.1
2020-11-14,27.9
2020-11-15,29.0
2020-11-16,25.1
2020-11-17,24.1
2020-11-18,23.8
2020-11-19,23.2
2020-11-20,23.5
2020-11-21,22.6
2020-11-22,22.6
2020-11-23,23.1
2020-11-24,23.0
2020-11-25,22.1
2020-11-26,22.5
2020-11-27,24.1
2020-11-28,23.8
2020-11-29,23.4
2020-11-30,24.0
2020-12-01,24.5
2020-12-02,25.6
2020-12-03,25.5
2020-12-04,26.8
2020-12-05,26.5
2020-12-06,26.7
2020-12-07,26.0
2020-12-08,25.5
2020-12-09,26.0
2020-12-10,26.2
2020-12-11,25.4
2020-12-12,22.9
2020-12-13,21.0
2020-12-14,19.8
2020-12-15,18.5
2020-12-16,18.8
2020-12-17,16.4
2020-12-18,17.9
2020-12-19,19.7
2020-12-20,20.9
2020-12-21,19.6
2020-12-22,21.0
2020-12-23,21.2
2020-12-24,21.8
2020-12-25,20.9
2020-12-26,20.1
2020-12-27,22.0
2020-12-28,17.8
2020-12-29,16.5
2020-12-30,16.5
2020-12-31,17.0
2021-01-01,18.0
2021-01-02,18.5
2021-01-03,21.0
2021-01-04,22.3
2021-01-05,21.8
2021-01-06,21.8
2021-01-07,19.5
2021-01-08,19.0
2021-01-09,20.0
2021-01-10,17.7
2021-01-11,17.9
2021-01-12,18.2
2021-01-13,18.5
2021-01-14,18.8
2021-01-15,19.5
2021-01-16,17.1
2021-01-17,19.0
2021-01-18,18.1
2021-01-19,21.0
2021-01-20,20.0
2021-01-21,20.5
2021-01-22,21.2
2021-01-23,21.0
2021-01-24,19.1
2021-01-25,18.2
2021-01-26,18.3
2021-01-27,18.8
2021-01-28,18.1
2021-01-29,18.6
2021-01-30,19.0
2021-01-31,20.5
2021-02-01,22.5
2021-02-02,23.5
2021-02-03,23.9
2021-02-04,21.5
2021-02-05,19.7
2021-02-06,20.0
2021-02-07,21.2
2021-02-08,22.4
2021-02-09,24.0
2021-02-10,25.3
2021-02-11,24.0
2021-02-12,24.5
2021-02-13,24.1
2021-02-14,25.6
2021-02-15,27.0
2021-02-16,26.9
2021-02-17,25.6
2021-02-18,25.5
2021-02-19,25.5
2021-02-20,25.9
2021-02-21,25.9
2021-02-22,27.4
2021-02-23,29.5
2021-02-24,30.1
2021-02-25,30.2
2021-02-26,30.9
2021-02-27,30.4
2021-02-28,29.9
2021-03-01,27.5
2021-03-02,27.5
2021-03-03,29.4
2021-03-04,31.4
2021-03-05,30.1
2021-03-06,30.6
2021-03-07,33.2
2021-03-08,31.1
2021-03-09,32.2
2021-03-10,31.0
2021-03-11,32.6
2021-03-12,30.5
2021-03-13,30.3
2021-03-14,30.1
2021-03-15,31.6
2021-03-16,32.2
2021-03-17,32.9
2021-03-18,33.1
2021-03-19,32.3
2021-03-20,32.5
2021-03-21,33.7
2021-03-22,33.2
2021-03-23,32.3
2021-03-24,31.1
2021-03-25,30.5
2021-03-26,30.9
2021-03-27,32.8
2021-03-28,35.4
2021-03-29,37.7
2021-03-30,36.7
2021-03-31,34.2
2021-04-01,33.7
2021-04-02,33.2
2021-04-03,33.8
2021-04-04,35.1
2021-04-05,38.0
2021-04-06,37.7
2021-04-07,35.5
2021-04-08,34.0
2021-04-09,35.2
2021-04-10,36.2
2021-04-11,37.3
2021-04-12,38.0
2021-04-13,37.8
2021-04-14,38.8
2021-04-15,38.8
2021-04-16,38.8
2021-04-17,34.2
2021-04-18,35.3
2021-04-19,37.1
2021-04-20,33.9
2021-04-21,31.9
2021-04-22,33.0
2021-04-23,34.3
2021-04-24,33.6
2021-04-25,36.7
2021-04-26,38.8
2021-04-27,41.0
2021-04-28,41.5
2021-04-29,40.7
2021-04-30,39.7
2021-05-01,39.4
2021-05-02,38.9
2021-05-03,37.0
2021-05-04,40.0
2021-05-05,38.6
2021-05-06,38.7
2021-05-07,36.2
2021-05-08,37.4
2021-05-09,37.9
2021-05-10,36.2
2021-05-11,38.4
2021-05-12,35.4
2021-05-13,31.6
2021-05-14,36.5
2021-05-15,35.7
2021-05-16,38.6
2021-05-17,37.3
2021-05-18,29.9
2021-05-19,24.3
2021-05-20,29.2
2021-05-21,31.6
2021-05-22,33.4
2021-05-23,33.8
2021-05-24,35.2
2021-05-25,37.0
2021-05-26,37.3
2021-05-27,37.7
2021-05-28,36.7
2021-05-29,37.1
2021-05-30,36.0
2021-05-31,36.8
2021-06-01,34.3
2021-06-02,34.8
2021-06-03,35.2
2021-06-04,36.0
2021-06-05,36.3
2021-06-06,37.5
2021-06-07,39.1
2021-06-08,40.8
2021-06-09,41.4
2021-06-10,38.1
2021-06-11,37.3
2021-06-12,37.8
2021-06-13,36.7
2021-06-14,36.5
2021-06-15,36.8
2021-06-16,35.3
2021-06-17,34.8
2021-06-18,33.7
2021-06-19,33.3
2021-06-20,33.3
2021-06-21,36.0
2021-06-22,39.2
2021-06-23,40.2
2021-06-24,38.5
2021-06-25,39.7
2021-06-26,37.8
2021-06-27,38.5
2021-06-28,39.9
2021-06-29,42.2
2021-06-30,43.2
2021-07-01,41.8
2021-07-02,41.2
2021-07-03,39.0
2021-07-04,40.2
2021-07-05,39.3
2021-07-06,39.9
2021-07-07,41.3
2021-07-08,40.3
2021-07-09,38.5
2021-07-10,38.0
2021-07-11,36.4
2021-07-12,34.0
2021-07-13,34.0
2021-07-14,33.5
2021-07-15,34.7
2021-07-16,34.7
2021-07-17,36.8
2021-07-18,34.3
2021-07-19,27.0
2021-07-20,30.6
2021-07-21,32.6
2021-07-22,30.5
2021-07-23,31.6
2021-07-24,33.8
2021-07-25,34.3
2021-07-26,30.7
2021-07-27,31.4
2021-07-28,29.0
2021-07-29,29.8
2021-07-30,30.3
2021-07-31,31.6
2021-08-01,32.1
2021-08-02,30.1
2021-08-03,31.9
2021-08-04,32.2
2021-08-05,32.8
2021-08-06,33.3
2021-08-07,31.6
2021-08-08,31.4
2021-08-09,30.7
2021-08-10,34.5
2021-08-11,34.7
2021-08-12,34.5
2021-08-13,35.0
2021-08-14,34.8
2021-08-15,34.8
2021-08-16,35.0
2021-08-17,35.4
2021-08-18,35.2
2021-08-19,34.2
2021-08-20,29.2
2021-08-21,29.0
2021-08-22,31.1
2021-08-23,31.6
2021-08-24,32.0
2021-08-25,34.2
2021-08-26,33.8
2021-08-27,34.0
2021-08-28,33.4
2021-08-29,32.3
2021-08-30,30.8
2021-08-31,31.0
2021-09-01,29.8
2021-09-02,31.7
2021-09-03,30.9
2021-09-04,30.6
2021-09-05,31.8
2021-09-06,32.2
2021-09-07,30.5
2021-09-08,30.6
2021-09-09,30.9
2021-09-10,30.0
2021-09-11,28.6
2021-09-12,29.1
2021-09-13,31.5
2021-09-14,31.1
2021-09-15,32.2
2021-09-16,32.7
2021-09-17,29.1
2021-09-18,30.8
2021-09-19,31.6
2021-09-20,32.0
2021-09-21,31.1
2021-09-22,29.8
2021-09-23,29.4
2021-09-24,30.6
2021-09-25,30.8
2021-09-26,30.5
2021-09-27,31.9
2021-09-28,32.0
2021-09-29,31.5
2021-09-30,31.5
2021-10-01,32.2
2021-10-02,33.0
2021-10-03,33.4
2021-10-04,32.8
2021-10-05,32.2
2021-10-06,32.3
2021-10-07,32.4
2021-10-08,33.2
2021-10-09,34.1
2021-10-10,34.8
2021-10-11,34.7
2021-10-12,34.5
2021-10-13,32.8
2021-10-14,32.0
2021-10-15,33.1
2021-10-16,33.5
2021-10-17,31.0
2021-10-18,23.7
2021-10-19,28.9
2021-10-20,30.8
2021-10-21,29.6
2021-10-22,30.2
2021-10-23,29.6
2021-10-24,27.3
2021-10-25,27.3
2021-10-26,26.6
2021-10-27,27.2
2021-10-28,27.4
2021-10-29,28.3
2021-10-30,28.4
2021-10-31,28.9
2021-11-01,28.9
2021-11-02,27.8
2021-11-03,28.5
2021-11-04,27.6
2021-11-05,27.4
2021-11-06,28.4
2021-11-07,28.4
2021-11-08,28.7
2021-11-09,28.1
2021-11-10,28.8
2021-11-11,28.2
2021-11-12,28.0
2021-11-13,27.0
2021-11-14,26.2
2021-11-15,25.8
2021-11-16,25.2
2021-11-17,24.6
2021-11-18,24.5
2021-11-19,24.8
2021-11-20,25.1
2021-11-21,25.9
2021-11-22,26.0
2021-11-23,25.6
2021-11-24,26.0
2021-11-25,25.1
2021-11-26,25.2
2021-11-27,25.2
2021-11-28,25.0
2021-11-29,24.9
2021-11-30,24.8
2021-12-01,21.9
2021-12-02,19.7
2021-12-03,22.6
2021-12-04,24.0
2021-12-05,24.3
2021-12-06,23.2
2021-12-07,22.8
2021-12-08,22.1
2021-12-09,22.0
2021-12-10,22.1
2021-12-11,21.6
2021-12-12,21.0
2021-12-13,19.2
2021-12-14,20.6
2021-12-15,20.6
2021-12-16,18.0
2021-12-17,17.9
2021-12-18,17.8
2021-12-19,17.5
2021-12-20,18.1
2021-12-21,19.5
2021-12-22,20.1
2021-12-23,21.1
2021-12-24,21.4
2021-12-25,21.1
2021-12-26,18.4
2021-12-27,19.6
2021-12-28,19.5
2021-12-29,19.0
2021-12-30,17.9
2021-12-31,17.8
2022-01-01,18.1
2022-01-02,18.8
2022-01-03,20.1
2022-01-04,22.0
2022-01-05,14.9
2022-01-06,18.6
2022-01-07,19.9
2022-01-08,17.1
2022-01-09,17.0
2022-01-10,16.9
2022-01-11,17.4
2022-01-12,17.1
2022-01-13,17.4
2022-01-14,16.5
2022-01-15,16.8
2022-01-16,15.8
2022-01-17,14.1
2022-01-18,16.1
2022-01-19,17.7
2022-01-20,17.7
2022-01-21,18.4
2022-01-22,16.0
2022-01-23,16.6
2022-01-24,16.2
2022-01-25,16.4
2022-01-26,16.8
2022-01-27,17.8
2022-01-28,17.9
2022-01-29,19.5
2022-01-30,20.2
2022-01-31,20.9
2022-02-01,20.8
2022-02-02,20.5
2022-02-03,15.1
2022-02-04,16.5
2022-02-05,16.6
2022-02-06,20.5
2022-02-07,22.2
2022-02-08,22.1
2022-02-09,18.5
2022-02-10,20.0
2022-02-11,20.1
2022-02-12,21.1
2022-02-13,22.4
2022-02-14,23.1
2022-02-15,23.2
2022-02-16,23.6
2022-02-17,24.2
2022-02-18,25.0
2022-02-19,24.0
2022-02-20,23.7
2022-02-21,24.5
2022-02-22,25.4
2022-02-23,23.8
2022-02-24,25.0
2022-02-25,25.0
2022-02-26,23.5
2022-02-27,23.4
2022-02-28,23.0
2022-03-01,24.4
2022-03-02,25.6
2022-03-03,26.9
2022-03-04,25.0
2022-03-05,25.7
2022-03-06,26.2
2022-03-07,28.0
2022-03-08,29.6
2022-03-09,30.1
2022-03-10,29.0
2022-03-11,28.9
2022-03-12,30.0
2022-03-13,31.5
2022-03-14,31.9
2022-03-15,33.3
2022-03-16,34.6
2022-03-17,33.2
2022-03-18,34.0
2022-03-19,34.5
2022-03-20,36.1
2022-03-21,35.8
2022-03-22,34.9
2022-03-23,35.2
2022-03-24,34.3
2022-03-25,34.5
2022-03-26,34.7
2022-03-27,36.2
2022-03-28,37.5
2022-03-29,38.4
2022-03-30,38.3
2022-03-31,38.7
2022-04-01,35.9
2022-04-02,37.4
2022-04-03,38.8
2022-04-04,37.8
2022-04-05,38.2
2022-04-06,38.7
2022-04-07,39.3
2022-04-08,40.8
2022-04-09,41.6
2022-04-10,41.0
2022-04-11,41.4
2022-04-12,39.8
2022-04-13,38.8
2022-04-14,39.2
2022-04-15,38.8
2022-04-16,39.5
2022-04-17,40.5
2022-04-18,41.3
2022-04-19,41.8
2022-04-20,40.8
2022-04-21,36.7
2022-04-22,38.3
2022-04-23,39.2
2022-04-24,39.7
2022-04-25,40.5
2022-04-26,40.6
2022-04-27,41.2
2022-04-28,43.0
2022-04-29,43.5
2022-04-30,43.2
2022-05-01,41.3
2022-05-02,40.9
2022-05-03,39.4
2022-05-04,39.2
2022-05-05,38.2
2022-05-06,39.3
2022-05-07,39.9
2022-05-08,41.2
2022-05-09,40.2
2022-05-10,39.7
2022-05-11,41.2
2022-05-12,42.7
2022-05-13,43.7
2022-05-14,44.2
2022-05-15,45.3
2022-05-16,42.0
2022-05-17,39.1
2022-05-18,42.3
2022-05-19,43.5
2022-05-20,45.2
2022-05-21,40.5
2022-05-22,40.0
2022-05-23,31.5
2022-05-24,33.1
2022-05-25,33.2
2022-05-26,35.5
2022-05-27,38.2
2022-05-28,39.7
2022-05-29,40.6
2022-05-30,40.7
2022-05-31,39.7
2022-06-01,40.5
2022-06-02,41.5
2022-06-03,42.5
2022-06-04,43.4
2022-06-05,42.9
2022-06-06,42.4
2022-06-07,43.2
2022-06-08,42.5
2022-06-09,42.8
2022-06-10,42.1
2022-06-11,43.2
2022-06-12,42.7
2022-06-13,43.1
2022-06-14,38.5
2022-06-15,41.9
2022-06-16,39.0
2022-06-17,36.5
2022-06-18,34.5
2022-06-19,32.0
2022-06-20,32.5
2022-06-21,32.0
2022-06-22,34.5
2022-06-23,36.7
2022-06-24,37.4
2022-06-25,38.3
2022-06-26,39.2
2022-06-27,38.7
2022-06-28,41.0
2022-06-29,41.8
2022-06-30,31.2
2022-07-01,32.0
2022-07-02,35.0
2022-07-03,34.4
2022-07-04,35.2
2022-07-05,36.3
2022-07-06,35.8
2022-07-07,35.5
2022-07-08,36.8
2022-07-09,34.0
2022-07-10,33.2
2022-07-11,35.0
2022-07-12,35.0
2022-07-13,35.4
2022-07-14,34.7
2022-07-15,36.3
2022-07-16,33.6
2022-07-17,34.2
2022-07-18,35.5
2022-07-19,35.3
2022-07-20,33.4
2022-07-21,30.7
2022-07-22,31.3
2022-07-23,30.9
2022-07-24,33.2
2022-07-25,32.5
2022-07-26,31.5
2022-07-27,32.0
2022-07-28,31.7
2022-07-29,30.2
2022-07-30,31.3
2022-07-31,32.9
2022-08-01,31.5
2022-08-02,33.4
2022-08-03,32.8
2022-08-04,31.5
2022-08-05,31.0
2022-08-06,32.4
2022-08-07,30.7
2022-08-08,33.3
2022-08-09,33.5
2022-08-10,34.5
2022-08-11,28.7
2022-08-12,33.7
2022-08-13,33.2
2022-08-14,32.7
2022-08-15,31.0
2022-08-16,30.2
2022-08-17,32.0
2022-08-18,33.4
2022-08-19,34.0
2022-08-20,30.5
2022-08-21,33.5
2022-08-22,32.9
2022-08-23,33.1
2022-08-24,32.3
2022-08-25,33.6
2022-08-26,34.8
2022-08-27,35.0
2022-08-28,35.5
2022-08-29,34.8
2022-08-30,36.8
2022-08-31,36.8
2022-09-01,36.8
2022-09-02,36.7
2022-09-03,37.7
2022-09-04,36.8
2022-09-05,36.2
2022-09-06,37.4
2022-09-07,37.3
2022-09-08,36.6
2022-09-09,35.0
2022-09-10,34.2
2022-09-11,33.6
2022-09-12,35.0
2022-09-13,34.2
2022-09-14,30.5
2022-09-15,30.1
2022-09-16,30.9
2022-09-17,33.5
2022-09-18,33.2
2022-09-19,33.5
2022-09-20,32.0
2022-09-21,31.5
2022-09-22,26.8
2022-09-23,28.0
2022-09-24,27.0
2022-09-25,30.8
2022-09-26,31.0
2022-09-27,31.4
2022-09-28,32.1
2022-09-29,31.6
2022-09-30,31.9
2022-10-01,32.5
2022-10-02,33.1
2022-10-03,33.2
2022-10-04,32.7
2022-10-05,31.7
2022-10-06,30.7
2022-10-07,26.1
2022-10-08,23.6
2022-10-09,25.9
2022-10-10,27.7
2022-10-11,26.6
2022-10-12,28.3
2022-10-13,29.0
2022-10-14,29.4
2022-10-15,29.5
2022-10-16,29.9
2022-10-17,30.2
2022-10-18,30.4
2022-10-19,30.0
2022-10-20,30.2
2022-10-21,29.9
2022-10-22,29.0
2022-10-23,28.5
2022-10-24,29.4
2022-10-25,29.2
2022-10-26,29.8
2022-10-27,30.0
2022-10-28,29.9
2022-10-29,29.2
2022-10-30,29.5
2022-10-31,29.2
2022-11-01,30.0
2022-11-02,29.1
2022-11-03,30.4
2022-11-04,30.6
2022-11-05,29.9
2022-11-06,29.2
2022-11-07,30.4
2022-11-08,28.6
2022-11-09,27.0
2022-11-10,25.8
2022-11-11,26.1
2022-11-12,26.2
2022-11-13,26.5
2022-11-14,27.5
2022-11-15,26.5
2022-11-16,25.0
2022-11-17,24.2
2022-11-18,24.1
2022-11-19,24.0
2022-11-20,25.0
2022-11-21,25.4
2022-11-22,25.0
2022-11-23,24.9
2022-11-24,24.9
2022-11-25,24.7
2022-11-26,24.8
2022-11-27,24.5
2022-11-28,24.2
2022-11-29,24.0
2022-11-30,23.8
2022-12-01,23.5
2022-12-02,23.4
2022-12-03,23.7
2022-12-04,23.5
2022-12-05,22.3
2022-12-06,22.6
2022-12-07,23.0
2022-12-08,22.8
2022-12-09,23.5
2022-12-10,25.0
2022-12-11,25.1
2022-12-12,24.6
2022-12-13,24.4
2022-12-14,22.1
2022-12-15,21.5
2022-12-16,21.2
2022-12-17,21.6
2022-12-18,21.5
2022-12-19,21.4
2022-12-20,20.8
2022-12-21,20.5
2022-12-22,20.2
2022-12-23,18.9
2022-12-24,18.9
2022-12-25,17.1
2022-12-26,18.4
2022-12-27,18.8
2022-12-28,19.6
2022-12-29,20.2
2022-12-30,20.7
2022-12-31,19.0
2023-01-01,18.3
2023-01-02,18.1
2023-01-03,16.5
2023-01-04,16.5
2023-01-05,15.4
2023-01-06,14.1
2023-01-07,15.2
2023-01-08,17.0
2023-01-09,17.4
2023-01-10,18.4
2023-01-11,19.6
2023-01-12,20.0
2023-01-13,18.5
2023-01-14,17.0
2023-01-15,15.2
2023-01-16,15.5
2023-01-17,16.4
2023-01-18,16.5
2023-01-19,18.4
2023-01-20,19.6
2023-01-21,20.5
2023-01-22,21.6
2023-01-23,22.8
2023-01-24,21.2
2023-01-25,21.0
2023-01-26,19.0
2023-01-27,18.5
2023-01-28,20.7
2023-01-29,16.4
2023-01-30,16.1
2023-01-31,20.5
2023-02-01,19.9
2023-02-02,21.5
2023-02-03,22.4
2023-02-04,22.6
2023-02-05,23.2
2023-02-06,25.1
2023-02-07,23.4
2023-02-08,22.5
2023-02-09,25.8
2023-02-10,25.5
2023-02-11,25.9
2023-02-12,21.9
2023-02-13,21.0
2023-02-14,23.5
2023-02-15,25.6
2023-02-16,26.1
2023-02-17,26.6
2023-02-18,26.4
2023-02-19,27.9
2023-02-20,30.6
2023-02-21,29.0
2023-02-22,28.4
2023-02-23,27.4
2023-02-24,27.9
2023-02-25,28.4
2023-02-26,29.5
2023-02-27,29.8
2023-02-28,29.3
2023-03-01,29.7
2023-03-02,30.0
2023-03-03,30.5
2023-03-04,29.8
2023-03-05,29.6
2023-03-06,28.7
2023-03-07,28.7
2023-03-08,28.1
2023-03-09,27.5
2023-03-10,29.1
2023-03-11,30.0
2023-03-12,31.9
2023-03-13,32.0
2023-03-14,31.5
2023-03-15,32.2
2023-03-16,31.9
2023-03-17,28.5
2023-03-18,26.8
2023-03-19,25.1
2023-03-20,23.6
2023-03-21,23.0
2023-03-22,26.3
2023-03-23,28.0
2023-03-24,27.5
2023-03-25,26.2
2023-03-26,27.5
2023-03-27,26.8
2023-03-28,28.1
2023-03-29,30.8
2023-03-30,30.8
2023-03-31,24.1
2023-04-01,25.7
2023-04-02,28.3
2023-04-03,31.2
2023-04-04,28.0
2023-04-05,30.2
2023-04-06,31.3
2023-04-07,31.2
2023-04-08,31.8
2023-04-09,33.1
2023-04-10,33.2
2023-04-11,35.9
2023-04-12,36.3
2023-04-13,37.2
2023-04-14,37.3
2023-04-15,39.1
2023-04-16,39.2
2023-04-17,39.0
2023-04-18,39.1
2023-04-19,37.2
2023-04-20,34.7
2023-04-21,35.2
2023-04-22,35.1
2023-04-23,33.8
2023-04-24,31.9
2023-04-25,33.2
2023-04-26,35.5
2023-04-27,35.8
2023-04-28,33.5
2023-04-29,33.3
2023-04-30,30.4
2023-05-01,27.8
2023-05-02,28.0
2023-05-03,28.2
2023-05-04,29.6
2023-05-05,30.8
2023-05-06,35.3
2023-05-07,36.0
2023-05-08,36.6
2023-05-09,37.1
2023-05-10,36.5
2023-05-11,38.9
2023-05-12,41.7
2023-05-13,41.5
2023-05-14,40.5
2023-05-15,40.5
2023-05-16,38.5
2023-05-17,40.9
2023-05-18,38.0
2023-05-19,37.8
2023-05-20,40.0
2023-05-21,42.4
2023-05-22,42.1
2023-05-23,43.6
2023-05-24,37.7
2023-05-25,33.8
2023-05-26,34.5
2023-05-27,33.8
2023-05-28,33.8
2023-05-29,34.0
2023-05-30,34.1
2023-05-31,30.9
2023-06-01,33.6
2023-06-02,33.0
2023-06-03,34.8
2023-06-04,36.2
2023-06-05,37.1
2023-06-06,38.8
2023-06-07,38.4
2023-06-08,39.2
2023-06-09,40.8
2023-06-10,40.3
2023-06-11,39.2
2023-06-12,41.0
2023-06-13,41.8
2023-06-14,40.5
2023-06-15,37.3
2023-06-16,38.7
2023-06-17,39.3
2023-06-18,38.7
2023-06-19,32.3
2023-06-20,36.5
2023-06-21,35.6
2023-06-22,36.0
2023-06-23,35.3
2023-06-24,34.5
2023-06-25,32.3
2023-06-26,32.8
2023-06-27,33.5
2023-06-28,34.0
2023-06-29,32.4
2023-06-30,33.8
2023-07-01,33.7
2023-07-02,35.3
2023-07-03,36.5
2023-07-04,36.7
2023-07-05,33.5
2023-07-06,33.0
2023-07-07,33.2
2023-07-08,29.6
2023-07-09,30.8
2023-07-10,31.0
2023-07-11,33.2
2023-07-12,33.5
2023-07-13,33.2
2023-07-14,33.8
2023-07-15,33.2
2023-07-16,32.9
2023-07-17,33.3
2023-07-18,31.7
2023-07-19,33.0
2023-07-20,35.2
2023-07-21,35.5
2023-07-22,34.3
2023-07-23,34.2
2023-07-24,34.0
2023-07-25,34.1
2023-07-26,29.6
2023-07-27,31.7
2023-07-28,32.8
2023-07-29,31.4
2023-07-30,33.1
2023-07-31,33.6
2023-08-01,34.6
2023-08-02,35.0
2023-08-03,34.0
2023-08-04,31.7
2023-08-05,33.7
2023-08-06,34.8
2023-08-07,34.2
2023-08-08,34.3
2023-08-09,34.5
2023-08-10,34.0
2023-08-11,34.5
2023-08-12,35.3
2023-08-13,35.5
2023-08-14,33.5
2023-08-15,34.7
2023-08-16,36.0
2023-08-17,36.0
2023-08-18,36.1
2023-08-19,34.1
2023-08-20,35.8
2023-08-21,36.2
2023-08-22,35.3
2023-08-23,29.9
2023-08-24,33.2
2023-08-25,33.9
2023-08-26,34.3
2023-08-27,34.8
2023-08-28,34.8
2023-08-29,35.0
2023-08-30,36.3
2023-08-31,36.4
2023-09-01,37.3
2023-09-02,37.2
2023-09-03,36.7
2023-09-04,37.3
2023-09-05,36.2
2023-09-06,36.2
2023-09-07,38.3
2023-09-08,36.5
2023-09-09,32.3
2023-09-10,30.0
2023-09-11,32.1
2023-09-12,33.3
2023-09-13,33.7
2023-09-14,34.1
2023-09-15,32.0
2023-09-16,31.5
2023-09-17,31.6
2023-09-18,31.6
2023-09-19,33.0
2023-09-20,33.0
2023-09-21,33.5
2023-09-22,33.2
2023-09-23,32.8
2023-09-24,32.8
2023-09-25,32.9
2023-09-26,32.9
2023-09-27,33.3
2023-09-28,33.0
2023-09-29,33.2
2023-09-30,34.8
2023-10-01,34.5
2023-10-02,33.8
2023-10-03,33.8
2023-10-04,33.8
2023-10-05,34.2
2023-10-06,35.2
2023-10-07,35.0
2023-10-08,35.2
2023-10-09,35.2
2023-10-10,33.5
2023-10-11,33.7
2023-10-12,33.2
2023-10-13,34.7
2023-10-14,35.0
2023-10-15,33.7
2023-10-16,29.0
2023-10-17,28.6
2023-10-18,29.0
2023-10-19,28.5
2023-10-20,29.1
2023-10-21,29.6
2023-10-22,30.4
2023-10-23,29.7
2023-10-24,30.5
2023-10-25,30.6
2023-10-26,30.5
2023-10-27,30.4
2023-10-28,30.0
2023-10-29,31.4
2023-10-30,31.7
2023-10-31,31.0
2023-11-01,30.5
2023-11-02,30.2
2023-11-03,28.5
2023-11-04,29.6
2023-11-05,29.6
2023-11-06,29.5
2023-11-07,30.1
2023-11-08,29.5
2023-11-09,29.2
2023-11-10,26.4
2023-11-11,25.2
2023-11-12,25.1
2023-11-13,25.5
2023-11-14,25.2
2023-11-15,25.7
2023-11-16,26.2
2023-11-17,26.8
2023-11-18,26.2
2023-11-19,25.6
2023-11-20,25.5
2023-11-21,25.2
2023-11-22,24.8
2023-11-23,24.8
2023-11-24,25.1
2023-11-25,25.2
2023-11-26,25.5
2023-11-27,24.0
2023-11-28,20.5
2023-11-29,24.4
2023-11-30,21.6
2023-12-01,24.1
2023-12-02,24.2
2023-12-03,24.5
2023-12-04,22.9
2023-12-05,23.2
2023-12-06,23.5
2023-12-07,24.1
2023-12-08,23.8
2023-12-09,23.4
2023-12-10,22.5
2023-12-11,22.2
2023-12-12,22.8
2023-12-13,22.8
2023-12-14,22.1
2023-12-15,22.0
2023-12-16,22.3
2023-12-17,22.5
2023-12-18,21.5
2023-12-19,21.5
2023-12-20,20.4
2023-12-21,21.5
2023-12-22,21.5
2023-12-23,22.0
2023-12-24,22.9
2023-12-25,22.9
2023-12-26,22.7
2023-12-27,21.6
2023-12-28,20.9
2023-12-29,20.2
2023-12-30,19.0
2023-12-31,18.6
